"","Player","POS","FPTS","RV","VOR"
"298","Antonio Brown PIT","WR",229.1,165.7,63.4
"545","Rob Gronkowski NE","TE",170,119.74,50.26
"299","Julio Jones ATL","WR",214.1,165.7,48.4
"300","Odell Beckham Jr. NYG","WR",210.6,165.7,44.9
"1","Cam Newton CAR","QB",330.6,292.41,38.1900000000001
"301","DeAndre Hopkins HOU","WR",197.8,165.7,32.1
"2","Aaron Rodgers GB","QB",323.2,292.41,30.79
"107","Todd Gurley LA","RB",213.2,187.766666666667,25.4333333333333
"3","Russell Wilson SEA","QB",317,292.41,24.59
"108","Adrian Peterson MIN","RB",210.6,187.766666666667,22.8333333333333
"722","Broncos","D/ST",141.6,120.13,21.47
"109","Jamaal Charles KC","RB",208.3,187.766666666667,20.5333333333333
"110","David Johnson ARI","RB",207.9,187.766666666667,20.1333333333333
"546","Greg Olsen CAR","TE",134.9,119.74,15.16
"302","Dez Bryant DAL","WR",179.6,165.7,13.9
"303","A.J. Green CIN","WR",178.5,165.7,12.8
"111","Lamar Miller HOU","RB",200.2,187.766666666667,12.4333333333333
"112","Le'Veon Bell PIT","RB",199.3,187.766666666667,11.5333333333333
"547","Jordan Reed WAS","TE",130.7,119.74,10.96
"4","Andrew Luck IND","QB",301.9,292.41,9.49000000000001
"681","Stephen Gostkowski NE","K",134.9,125.7,9.2
"304","Jordy Nelson GB","WR",174.5,165.7,8.80000000000001
"723","Panthers","D/ST",122.9,120.13,2.77000000000001
"305","Alshon Jeffery CHI","WR",168.3,165.7,2.60000000000002
"682","Justin Tucker BAL","K",128.3,125.7,2.60000000000001
"306","Allen Robinson JAC","WR",167.7,165.7,2
"683","Steven Hauschka SEA","K",127.3,125.7,1.59999999999999
"728","Packers","D/ST",121.3,120.13,1.17
"724","Bengals","D/ST",121.2,120.13,1.07000000000001
"5","Drew Brees NO","QB",293.4,292.41,0.990000000000009
"684","Graham Gano CAR","K",126.5,125.7,0.799999999999997
"685","Mason Crosby GB","K",126.4,125.7,0.700000000000003
"727","Cardinals","D/ST",120.5,120.13,0.370000000000005
"113","Ezekiel Elliott DAL","RB",187.8,187.766666666667,0.0333333333333314
"307","T.Y. Hilton IND","WR",165.4,165.7,-0.299999999999983
"686","Chandler Catanzaro ARI","K",125,125.7,-0.700000000000003
"687","Dan Bailey DAL","K",124.7,125.7,-1
"688","Chris Boswell PIT","K",123.9,125.7,-1.8
"548","Delanie Walker TEN","TE",117.9,119.74,-1.83999999999999
"308","Brandon Marshall NYJ","WR",163.8,165.7,-1.89999999999998
"114","Devonta Freeman ATL","RB",184.5,187.766666666667,-3.26666666666668
"732","Jets","D/ST",116.8,120.13,-3.33
"721","Seahawks","D/ST",116.1,120.13,-4.03
"309","Mike Evans TB","WR",161.6,165.7,-4.09999999999999
"689","Blair Walsh MIN","K",121,125.7,-4.7
"725","Texans","D/ST",114.3,120.13,-5.83
"310","Sammy Watkins BUF","WR",159.8,165.7,-5.89999999999998
"733","Bills","D/ST",113.9,120.13,-6.22999999999999
"690","Brandon McManus DEN","K",119,125.7,-6.7
"115","Mark Ingram NO","RB",181,187.766666666667,-6.76666666666668
"549","Travis Kelce KC","TE",112.9,119.74,-6.83999999999999
"116","LeSean McCoy BUF","RB",180.7,187.766666666667,-7.06666666666669
"691","Adam Vinatieri IND","K",118.6,125.7,-7.10000000000001
"550","Gary Barnidge CLE","TE",112.5,119.74,-7.23999999999999
"726","Chiefs","D/ST",112.7,120.13,-7.42999999999999
"311","Keenan Allen SD","WR",157.8,165.7,-7.89999999999998
"729","Raiders","D/ST",111.6,120.13,-8.53
"117","Eddie Lacy GB","RB",179,187.766666666667,-8.76666666666668
"312","Brandin Cooks NO","WR",156.9,165.7,-8.79999999999998
"692","Cairo Santos KC","K",116.8,125.7,-8.90000000000001
"551","Coby Fleener NO","TE",110.6,119.74,-9.14
"734","Rams","D/ST",110.8,120.13,-9.33
"693","Mike Nugent CIN","K",116.2,125.7,-9.5
"694","Josh Brown NYG","K",116.1,125.7,-9.60000000000001
"313","Demaryius Thomas DEN","WR",155.6,165.7,-10.1
"695","Robbie Gould CHI","K",114.6,125.7,-11.1
"552","Antonio Gates SD","TE",108.5,119.74,-11.24
"314","Amari Cooper OAK","WR",154.3,165.7,-11.4
"6","Ben Roethlisberger PIT","QB",279.3,292.41,-13.11
"696","Matt Prater DET","K",112.1,125.7,-13.6
"697","Dan Carpenter BUF","K",111.8,125.7,-13.9
"118","Doug Martin TB","RB",173.6,187.766666666667,-14.1666666666667
"315","Randall Cobb GB","WR",151.5,165.7,-14.2
"698","Nick Folk NYJ","K",111.2,125.7,-14.5
"699","Matt Bryant ATL","K",110.2,125.7,-15.5
"700","Dustin Hopkins WAS","K",109.9,125.7,-15.8
"701","Nick Novak HOU","K",109.9,125.7,-15.8
"702","Sebastian Janikowski OAK","K",109.5,125.7,-16.2
"7","Carson Palmer ARI","QB",275.7,292.41,-16.71
"703","Cody Parkey PHI","K",108.8,125.7,-16.9
"740","Buccaneers","D/ST",102.9,120.13,-17.23
"316","Jeremy Maclin KC","WR",148,165.7,-17.7
"737","Ravens","D/ST",102.1,120.13,-18.03
"553","Tyler Eifert CIN","TE",100.7,119.74,-19.04
"704","Roberto Aguayo TB","K",106.5,125.7,-19.2
"705","Josh Lambo SD","K",106.3,125.7,-19.4
"119","C.J. Anderson DEN","RB",168.2,187.766666666667,-19.5666666666667
"706","Jason Myers JAC","K",106.1,125.7,-19.6
"317","Eric Decker NYJ","WR",146,165.7,-19.7
"707","Phil Dawson SF","K",105.8,125.7,-19.9
"554","Zach Ertz PHI","TE",98.7,119.74,-21.04
"555","Jason Witten DAL","TE",98.2,119.74,-21.54
"8","Blake Bortles JAC","QB",270,292.41,-22.41
"318","Doug Baldwin SEA","WR",142.8,165.7,-22.9
"708","Kai Forbath NO","K",102.7,125.7,-23
"556","Jimmy Graham SEA","TE",96.2,119.74,-23.54
"709","Caleb Sturgis PHI","K",102,125.7,-23.7
"731","Vikings","D/ST",96.3,120.13,-23.83
"710","Greg Zuerlein LA","K",101.2,125.7,-24.5
"9","Tyrod Taylor BUF","QB",267.9,292.41,-24.51
"319","Kelvin Benjamin CAR","WR",140.1,165.7,-25.6
"320","Golden Tate DET","WR",139.8,165.7,-25.9
"120","Thomas Rawls SEA","RB",161.8,187.766666666667,-25.9666666666667
"321","Michael Floyd ARI","WR",139.5,165.7,-26.2
"322","Jarvis Landry MIA","WR",139.4,165.7,-26.3
"711","Andrew Franks MIA","K",99.3,125.7,-26.4
"557","Martellus Bennett NE","TE",93,119.74,-26.74
"742","Lions","D/ST",93.1,120.13,-27.03
"10","Eli Manning NYG","QB",265.1,292.41,-27.3099999999999
"736","Jaguars","D/ST",92.8,120.13,-27.33
"121","Latavius Murray OAK","RB",160.4,187.766666666667,-27.3666666666667
"11","Philip Rivers SD","QB",264.7,292.41,-27.71
"741","Bears","D/ST",92.4,120.13,-27.73
"323","Julian Edelman NE","WR",137.2,165.7,-28.5
"324","Larry Fitzgerald ARI","WR",137.1,165.7,-28.6
"730","Patriots","D/ST",91.3,120.13,-28.83
"558","Julius Thomas JAC","TE",90.9,119.74,-28.84
"559","Dwayne Allen IND","TE",90.2,119.74,-29.54
"735","Colts","D/ST",90.3,120.13,-29.83
"122","Matt Forte NYJ","RB",157,187.766666666667,-30.7666666666667
"739","Eagles","D/ST",89.2,120.13,-30.93
"325","DeSean Jackson WAS","WR",134.7,165.7,-31
"560","Zach Miller CHI","TE",88.7,119.74,-31.04
"738","Steelers","D/ST",88.6,120.13,-31.53
"746","Falcons","D/ST",88,120.13,-32.13
"744","Giants","D/ST",87.9,120.13,-32.23
"123","Carlos Hyde SF","RB",155.5,187.766666666667,-32.2666666666667
"712","Ryan Succop TEN","K",92.5,125.7,-33.2
"752","Saints","D/ST",86.9,120.13,-33.23
"326","Jordan Matthews PHI","WR",132.4,165.7,-33.3
"12","Matthew Stafford DET","QB",258.6,292.41,-33.8099999999999
"13","Kirk Cousins WAS","QB",258.4,292.41,-34.01
"743","Redskins","D/ST",86,120.13,-34.13
"14","Andy Dalton CIN","QB",258.2,292.41,-34.21
"713","Travis Coons CLE","K",91.4,125.7,-34.3
"327","Donte Moncrief IND","WR",131.2,165.7,-34.5
"124","DeMarco Murray TEN","RB",152.8,187.766666666667,-34.9666666666667
"328","Emmanuel Sanders DEN","WR",130.5,165.7,-35.2
"747","Chargers","D/ST",84.8,120.13,-35.33
"561","Charles Clay BUF","TE",84.2,119.74,-35.54
"15","Jameis Winston TB","QB",256.1,292.41,-36.3099999999999
"125","Jonathan Stewart CAR","RB",151.4,187.766666666667,-36.3666666666667
"745","Titans","D/ST",83.6,120.13,-36.53
"562","Eric Ebron DET","TE",82.4,119.74,-37.34
"748","Dolphins","D/ST",81.2,120.13,-38.93
"329","John Brown ARI","WR",126.7,165.7,-39
"16","Ryan Fitzpatrick NYJ","QB",253,292.41,-39.41
"17","Tony Romo DAL","QB",252.9,292.41,-39.51
"126","Jeremy Hill CIN","RB",147.7,187.766666666667,-40.0666666666667
"18","Derek Carr OAK","QB",252.1,292.41,-40.31
"127","Jeremy Langford CHI","RB",146.5,187.766666666667,-41.2666666666667
"19","Ryan Tannehill MIA","QB",250.8,292.41,-41.61
"20","Matt Ryan ATL","QB",249.4,292.41,-43.01
"21","Alex Smith KC","QB",249.2,292.41,-43.21
"330","Allen Hurns JAC","WR",122.1,165.7,-43.6
"331","Torrey Smith SF","WR",120.7,165.7,-45
"563","Ladarius Green PIT","TE",74.7,119.74,-45.04
"128","Matt Jones WAS","RB",142.3,187.766666666667,-45.4666666666667
"564","Kyle Rudolph MIN","TE",73.2,119.74,-46.54
"332","Devante Parker MIA","WR",119,165.7,-46.7
"333","Michael Crabtree OAK","WR",119,165.7,-46.7
"334","Stefon Diggs MIN","WR",118.8,165.7,-46.9
"749","49ers","D/ST",72.2,120.13,-47.93
"129","Frank Gore IND","RB",139.3,187.766666666667,-48.4666666666667
"335","Marvin Jones DET","WR",117.2,165.7,-48.5
"130","Ryan Mathews PHI","RB",138.9,187.766666666667,-48.8666666666667
"750","Cowboys","D/ST",71.2,120.13,-48.93
"22","Marcus Mariota TEN","QB",243.4,292.41,-49.01
"565","Jordan Cameron MIA","TE",70.7,119.74,-49.04
"566","Clive Walford OAK","TE",70.6,119.74,-49.14
"131","Giovani Bernard CIN","RB",136.5,187.766666666667,-51.2666666666667
"751","Browns","D/ST",68.6,120.13,-51.53
"567","Austin Seferian-Jenkins TB","TE",68,119.74,-51.74
"23","Joe Flacco BAL","QB",239.1,292.41,-53.31
"714","Shaun Suisham","K",72,125.7,-53.7
"132","Melvin Gordon SD","RB",133.9,187.766666666667,-53.8666666666667
"133","Ameer Abdullah DET","RB",133.9,187.766666666667,-53.8666666666667
"568","Jared Cook GB","TE",65.6,119.74,-54.14
"24","Tom Brady NE","QB",236.9,292.41,-55.51
"336","Tyler Lockett SEA","WR",110.1,165.7,-55.6
"569","Jacob Tamme ATL","TE",62.1,119.74,-57.64
"337","Kevin White CHI","WR",107.9,165.7,-57.8
"338","Vincent Jackson TB","WR",107.7,165.7,-58
"134","Arian Foster MIA","RB",128.4,187.766666666667,-59.3666666666667
"339","Willie Snead NO","WR",106,165.7,-59.7
"25","Jay Cutler CHI","QB",232.7,292.41,-59.71
"135","Rashad Jennings NYG","RB",128,187.766666666667,-59.7666666666667
"570","Richard Rodgers GB","TE",58.9,119.74,-60.84
"136","Danny Woodhead SD","RB",126.4,187.766666666667,-61.3666666666667
"571","Vance McDonald SF","TE",57.5,119.74,-62.24
"137","Duke Johnson CLE","RB",125.1,187.766666666667,-62.6666666666667
"26","Brock Osweiler HOU","QB",229.3,292.41,-63.11
"138","T.J. Yeldon JAC","RB",124.5,187.766666666667,-63.2666666666667
"572","Will Tye NYG","TE",55.8,119.74,-63.94
"340","Sterling Shepard NYG","WR",101.4,165.7,-64.3
"341","Corey Coleman CLE","WR",99.8,165.7,-65.9
"342","Steve Smith BAL","WR",99,165.7,-66.7
"573","Benjamin Watson BAL","TE",53,119.74,-66.74
"343","Tavon Austin LA","WR",98.4,165.7,-67.3
"574","Cameron Brate TB","TE",52.2,119.74,-67.54
"344","Markus Wheaton PIT","WR",97.6,165.7,-68.1
"139","LeGarrette Blount NE","RB",118.4,187.766666666667,-69.3666666666667
"140","Isaiah Crowell CLE","RB",118.3,187.766666666667,-69.4666666666667
"575","Virgil Green DEN","TE",50,119.74,-69.74
"345","Travis Benjamin SD","WR",94.7,165.7,-71
"346","Terrance Williams DAL","WR",94.3,165.7,-71.4
"576","Darren Fells ARI","TE",47.7,119.74,-72.04
"577","Lance Kendricks LA","TE",47.4,119.74,-72.34
"347","Josh Gordon CLE","WR",92.9,165.7,-72.8
"578","Ryan Griffin HOU","TE",46.6,119.74,-73.14
"715","Shayne Graham ATL","K",52,125.7,-73.7
"141","Justin Forsett BAL","RB",114,187.766666666667,-73.7666666666667
"348","Mohamed Sanu ATL","WR",91.6,165.7,-74.1
"27","Teddy Bridgewater MIN","QB",218.2,292.41,-74.21
"716","Connor Barth NO","K",51,125.7,-74.7
"579","Luke Willson SEA","TE",45,119.74,-74.74
"580","Garrett Celek SF","TE",44,119.74,-75.74
"581","Jace Amaro NYJ","TE",43.7,119.74,-76.04
"349","Pierre Garcon WAS","WR",89.2,165.7,-76.5
"350","Kamar Aiken BAL","WR",88.4,165.7,-77.3
"582","Crockett Gillmore BAL","TE",42.3,119.74,-77.44
"583","Larry Donnell NYG","TE",41.9,119.74,-77.84
"142","Chris Ivory JAC","RB",109.8,187.766666666667,-77.9666666666667
"351","Michael Thomas NO","WR",87.2,165.7,-78.5
"352","Mike Wallace BAL","WR",85.5,165.7,-80.2
"584","Josh Hill NO","TE",37.8,119.74,-81.94
"585","Jermaine Gresham ARI","TE",37.7,119.74,-82.04
"586","Hunter Henry SD","TE",37.6,119.74,-82.14
"353","Phillip Dorsett IND","WR",83.2,165.7,-82.5
"587","Mychal Rivera OAK","TE",37.1,119.74,-82.64
"717","Patrick Murray CLE","K",43,125.7,-82.7
"588","Jesse James PIT","TE",37,119.74,-82.74
"143","Charles Sims TB","RB",104.9,187.766666666667,-82.8666666666667
"589","Jack Doyle IND","TE",36.8,119.74,-82.94
"590","Jeff Heuerman DEN","TE",36.7,119.74,-83.04
"591","Brent Celek PHI","TE",36.2,119.74,-83.54
"354","Devin Funchess CAR","WR",80.6,165.7,-85.1
"592","Gavin Escobar DAL","TE",33.8,119.74,-85.94
"593","Tyler Higbee LA","TE",33.2,119.74,-86.54
"355","Kenny Britt LA","WR",79.1,165.7,-86.6
"356","Rishard Matthews TEN","WR",79,165.7,-86.7
"357","Laquon Treadwell MIN","WR",78.8,165.7,-86.9
"144","DeAngelo Williams PIT","RB",99.8,187.766666666667,-87.9666666666667
"594","Marcedes Lewis JAC","TE",30.8,119.74,-88.94
"595","Tyler Kroft CIN","TE",30.1,119.74,-89.64
"596","Austin Hooper ATL","TE",30,119.74,-89.74
"145","Jay Ajayi MIA","RB",97.5,187.766666666667,-90.2666666666667
"358","Kendall Wright TEN","WR",74.8,165.7,-90.9
"597","Anthony Fasano TEN","TE",28.6,119.74,-91.14
"359","Will Fuller HOU","WR",74.5,165.7,-91.2
"598","Ryan Hewitt CIN","TE",28.4,119.74,-91.34
"599","Chris Gragg BUF","TE",28.4,119.74,-91.34
"360","Jermaine Kearse SEA","WR",74.3,165.7,-91.4
"361","Sammie Coates PIT","WR",73.2,165.7,-92.5
"146","Darren Sproles PHI","RB",95.1,187.766666666667,-92.6666666666667
"362","Tyler Boyd CIN","WR",72.9,165.7,-92.8
"363","Robert Woods BUF","WR",72.9,165.7,-92.8
"147","Shane Vereen NYG","RB",94.8,187.766666666667,-92.9666666666667
"364","Ted Ginn CAR","WR",72.7,165.7,-93
"600","Jim Dray BUF","TE",26.3,119.74,-93.44
"601","Dion Sims MIA","TE",26.2,119.74,-93.54
"28","Robert Griffin CLE","QB",198.8,292.41,-93.61
"602","Ed Dickson CAR","TE",26.1,119.74,-93.64
"603","Maxx Williams BAL","TE",25.9,119.74,-93.84
"604","James O'Shaughnessy KC","TE",25.9,119.74,-93.84
"605","Blake Bell SF","TE",25.6,119.74,-94.14
"148","Theo Riddick DET","RB",92.7,187.766666666667,-95.0666666666667
"149","Bilal Powell NYJ","RB",92.6,187.766666666667,-95.1666666666667
"606","C.J. Fiedorowicz HOU","TE",24.3,119.74,-95.44
"365","Justin Hunter TEN","WR",69.4,165.7,-96.3
"607","Cory Harkey LA","TE",23.1,119.74,-96.64
"366","Nelson Agholor PHI","WR",69,165.7,-96.7
"608","Niles Paul WAS","TE",22.5,119.74,-97.24
"150","Derrick Henry TEN","RB",90.4,187.766666666667,-97.3666666666667
"609","Lee Smith OAK","TE",21.2,119.74,-98.54
"367","Brandon LaFell CIN","WR",66.8,165.7,-98.9
"610","Rhett Ellison MIN","TE",20.1,119.74,-99.64
"151","James Starks GB","RB",88,187.766666666667,-99.7666666666667
"611","Tony Moeaki CHI","TE",19.5,119.74,-100.24
"612","Brandon Pettigrew DET","TE",19.5,119.74,-100.24
"613","Craig Stevens","TE",19.3,119.74,-100.44
"614","James Hanna DAL","TE",19.2,119.74,-100.54
"615","Vernon Davis WAS","TE",18.7,119.74,-101.04
"368","Anquan Boldin DET","WR",64.6,165.7,-101.1
"369","Jaelen Strong HOU","WR",64.4,165.7,-101.3
"370","Kenny Stills MIA","WR",63.2,165.7,-102.5
"371","Chris Hogan NE","WR",63.1,165.7,-102.6
"616","Bruce Miller SF","TE",16.8,119.74,-102.94
"617","Garrett Graham DEN","TE",16.7,119.74,-103.04
"618","MyCole Pruitt MIN","TE",16.4,119.74,-103.34
"619","Kellen Davis NYJ","TE",16.4,119.74,-103.34
"372","Tajae Sharpe TEN","WR",62.3,165.7,-103.4
"620","Gerald Christian ARI","TE",16.3,119.74,-103.44
"373","Jamison Crowder WAS","WR",61.9,165.7,-103.8
"374","Davante Adams GB","WR",61.8,165.7,-103.9
"621","Michael Hoomanawanui NO","TE",14.7,119.74,-105.04
"375","Cole Beasley DAL","WR",60.5,165.7,-105.2
"622","Troy Niklas ARI","TE",14.5,119.74,-105.24
"376","Bruce Ellington SF","WR",60.4,165.7,-105.3
"623","Derek Carrier WAS","TE",13.7,119.74,-106.04
"624","Demetrius Harris KC","TE",13.4,119.74,-106.34
"625","Rob Housler CHI","TE",13.2,119.74,-106.54
"152","Devontae Booker DEN","RB",81,187.766666666667,-106.766666666667
"626","Trey Burton PHI","TE",12.2,119.74,-107.54
"377","Dorial Green-Beckham PHI","WR",57.9,165.7,-107.8
"627","Cooper Helfet","TE",11.9,119.74,-107.84
"628","Levine Toilolo ATL","TE",11.7,119.74,-108.04
"153","Dion Lewis NE","RB",79.3,187.766666666667,-108.466666666667
"378","Breshad Perriman BAL","WR",57.1,165.7,-108.6
"629","Matt Spaeth","TE",10.8,119.74,-108.94
"379","Seth Roberts OAK","WR",56.7,165.7,-109
"380","Josh Doctson WAS","WR",56.2,165.7,-109.5
"381","Eddie Royal CHI","WR",56.1,165.7,-109.6
"630","Adrien Robinson","TE",10.1,119.74,-109.64
"631","Dennis Pitta BAL","TE",10.1,119.74,-109.64
"382","Cecil Shorts HOU","WR",56,165.7,-109.7
"383","Danny Amendola NE","WR",55.5,165.7,-110.2
"384","Jarius Wright MIN","WR",55,165.7,-110.7
"632","Logan Paulsen WAS","TE",8.9,119.74,-110.84
"633","David Johnson PIT","TE",8.7,119.74,-111.04
"634","Clay Harbor NE","TE",8.7,119.74,-111.04
"635","C.J. Uzomah CIN","TE",8.5,119.74,-111.24
"636","Jake Stoneburner LA","TE",8.2,119.74,-111.54
"637","Justice Cunningham LA","TE",8.1,119.74,-111.64
"154","Javorius Allen BAL","RB",76.1,187.766666666667,-111.666666666667
"638","Zach Sudfeld NYJ","TE",7.7,119.74,-112.04
"155","Tevin Coleman ATL","RB",75.5,187.766666666667,-112.266666666667
"639","Brandon Myers TB","TE",7.4,119.74,-112.34
"640","Justin Perillo GB","TE",7.1,119.74,-112.64
"385","Brandon Coleman NO","WR",52.3,165.7,-113.4
"641","Jeff Cumberland SD","TE",6,119.74,-113.74
"642","Sean McGrath SD","TE",5.8,119.74,-113.94
"643","Luke Stocker TB","TE",5.5,119.74,-114.24
"644","Jerell Adams NYG","TE",5.4,119.74,-114.34
"156","DeAndre Washington OAK","RB",73.4,187.766666666667,-114.366666666667
"645","E.J. Bibbs CLE","TE",5.2,119.74,-114.54
"646","Nic Jacobs JAC","TE",5.2,119.74,-114.54
"157","Chris Johnson ARI","RB",73.2,187.766666666667,-114.566666666667
"386","Chris Conley KC","WR",51.1,165.7,-114.6
"647","Brandon Bostick NYJ","TE",4.6,119.74,-115.14
"648","Nick O'Leary BUF","TE",4.5,119.74,-115.24
"387","Victor Cruz NYG","WR",50.4,165.7,-115.3
"718","Randy Bullock NYG","K",10.4,125.7,-115.3
"649","Nick Boyle BAL","TE",4.4,119.74,-115.34
"158","Jerick McKinnon MIN","RB",71.9,187.766666666667,-115.866666666667
"650","Matthew Mulligan DET","TE",2.9,119.74,-116.84
"651","Nick Vannett SEA","TE",2.8,119.74,-116.94
"652","Phillip Supernaw TEN","TE",2.7,119.74,-117.04
"388","Charles Johnson MIN","WR",48.4,165.7,-117.3
"653","Erik Swoope IND","TE",2.4,119.74,-117.34
"159","Jordan Howard CHI","RB",70.4,187.766666666667,-117.366666666667
"389","Brian Quick LA","WR",48.3,165.7,-117.4
"390","Justin Hardy ATL","WR",48.3,165.7,-117.4
"391","Philly Brown CAR","WR",48.2,165.7,-117.5
"392","Albert Wilson KC","WR",48.2,165.7,-117.5
"654","Brian Parker KC","TE",2.1,119.74,-117.64
"655","Khari Lee CHI","TE",2,119.74,-117.74
"160","C.J. Prosise SEA","RB",69.7,187.766666666667,-118.066666666667
"656","Beau Sandland CAR","TE",1.5,119.74,-118.24
"657","Temarrick Hemingway LA","TE",1.1,119.74,-118.64
"393","Leonard Hankerson","WR",46.7,165.7,-119
"394","Quinton Patton SF","WR",46.4,165.7,-119.3
"161","Chris Thompson WAS","RB",68.4,187.766666666667,-119.366666666667
"395","Braxton Miller HOU","WR",46.3,165.7,-119.4
"658","Xavier Grimble PIT","TE",0.3,119.74,-119.44
"659","Scott Simonson CAR","TE",0.1,119.74,-119.64
"660","Randall Telfer CLE","TE",0.1,119.74,-119.64
"661","Matt LaCosse NYG","TE",0.1,119.74,-119.64
"662","Owen Daniels","TE",0,119.74,-119.74
"663","Scott Chandler","TE",0,119.74,-119.74
"664","Orson Charles DET","TE",0,119.74,-119.74
"665","Dominique Jones MIA","TE",0,119.74,-119.74
"666","MarQueis Gray MIA","TE",0,119.74,-119.74
"667","Brandon Williams SEA","TE",0,119.74,-119.74
"668","Chris Pantale PHI","TE",0,119.74,-119.74
"669","Marcel Jensen WAS","TE",0,119.74,-119.74
"670","Bear Pascoe","TE",0,119.74,-119.74
"671","Chase Coffman IND","TE",0,119.74,-119.74
"672","RaShaun Allen NO","TE",0,119.74,-119.74
"673","John Phillips DEN","TE",0,119.74,-119.74
"674","Chris Manhertz NO","TE",0,119.74,-119.74
"675","AJ Derby NE","TE",0,119.74,-119.74
"676","Geoff Swaim DAL","TE",0,119.74,-119.74
"677","Kennard Backman GB","TE",0,119.74,-119.74
"678","Andrew Quarless DET","TE",0,119.74,-119.74
"679","Gabe Holmes OAK","TE",0,119.74,-119.74
"680","Thomas Duarte MIA","TE",0,119.74,-119.74
"396","Dontrelle Inman SD","WR",45.9,165.7,-119.8
"397","Andrew Hawkins CLE","WR",45.7,165.7,-120
"398","Marqise Lee JAC","WR",45.5,165.7,-120.2
"399","Terrelle Pryor CLE","WR",45.2,165.7,-120.5
"400","J.J. Nelson ARI","WR",45,165.7,-120.7
"401","Mario Alford CIN","WR",44.5,165.7,-121.2
"162","James White NE","RB",66.5,187.766666666667,-121.266666666667
"163","Cameron Artis-Payne CAR","RB",65.4,187.766666666667,-122.366666666667
"402","Dwayne Harris NYG","WR",43.2,165.7,-122.5
"403","Kenny Bell TB","WR",42.8,165.7,-122.9
"164","Darren McFadden DAL","RB",64.4,187.766666666667,-123.366666666667
"404","Rueben Randle PHI","WR",41.6,165.7,-124.1
"405","James Jones SD","WR",41.5,165.7,-124.2
"165","Ronnie Hillman DEN","RB",63.4,187.766666666667,-124.366666666667
"406","T.J. Graham","WR",41.3,165.7,-124.4
"407","Andre Holmes OAK","WR",41.1,165.7,-124.6
"29","Sam Bradford PHI","QB",166.9,292.41,-125.51
"719","Zach Hocker CIN","K",0,125.7,-125.7
"720","Tom Obarski","K",0,125.7,-125.7
"408","Darrius Heyward-Bey PIT","WR",39.9,165.7,-125.8
"409","Pharoh Cooper LA","WR",39.9,165.7,-125.8
"166","Spencer Ware KC","RB",61.5,187.766666666667,-126.266666666667
"410","Leonte Carroo MIA","WR",39.4,165.7,-126.3
"411","Taylor Gabriel CLE","WR",39.4,165.7,-126.3
"167","Tim Hightower NO","RB",61.4,187.766666666667,-126.366666666667
"412","Brian Hartline","WR",38.9,165.7,-126.8
"413","Brice Butler DAL","WR",38.7,165.7,-127
"414","Bennie Fowler DEN","WR",36.9,165.7,-128.8
"415","Devin Fuller ATL","WR",36.5,165.7,-129.2
"416","Eli Rogers PIT","WR",36.3,165.7,-129.4
"417","Rashad Greene JAC","WR",36.2,165.7,-129.5
"168","Shaun Draughn SF","RB",58,187.766666666667,-129.766666666667
"418","Marquess Wilson CHI","WR",35.8,165.7,-129.9
"169","Christine Michael SEA","RB",57.5,187.766666666667,-130.266666666667
"170","C.J. Spiller NO","RB",57.2,187.766666666667,-130.566666666667
"419","De'Anthony Thomas KC","WR",34.2,165.7,-131.5
"420","Josh Huff PHI","WR",34.1,165.7,-131.6
"171","Alfred Blue HOU","RB",55.9,187.766666666667,-131.866666666667
"421","Louis Murphy TB","WR",33.6,165.7,-132.1
"422","Ty Montgomery GB","WR",33.4,165.7,-132.3
"172","Kenneth Dixon BAL","RB",55.3,187.766666666667,-132.466666666667
"173","Benny Cunningham LA","RB",55.3,187.766666666667,-132.466666666667
"423","Andre Johnson TEN","WR",32.5,165.7,-133.2
"424","Quincy Enunwa NYJ","WR",31.7,165.7,-134
"30","Jared Goff LA","QB",157.8,292.41,-134.61
"425","Malcolm Mitchell NE","WR",31,165.7,-134.7
"426","Paul Richardson SEA","WR",30.4,165.7,-135.3
"427","Jeff Janis GB","WR",29.8,165.7,-135.9
"174","Josh Ferguson IND","RB",51.6,187.766666666667,-136.166666666667
"428","Tyrell Williams SD","WR",29.4,165.7,-136.3
"429","Nate Washington","WR",29.4,165.7,-136.3
"175","Andre Ellington ARI","RB",51.3,187.766666666667,-136.466666666667
"430","Devin Smith NYJ","WR",28.9,165.7,-136.8
"431","Jordan Norwood DEN","WR",28.9,165.7,-136.8
"176","Alfred Morris DAL","RB",50.6,187.766666666667,-137.166666666667
"432","Dezmin Lewis BUF","WR",28.4,165.7,-137.3
"433","Ryan Grant WAS","WR",28.4,165.7,-137.3
"177","Paul Perkins NYG","RB",49.9,187.766666666667,-137.866666666667
"434","TJ Jones DET","WR",27.5,165.7,-138.2
"435","Cody Latimer DEN","WR",26.8,165.7,-138.9
"436","Nick Williams KC","WR",26.8,165.7,-138.9
"437","Jeremy Kerley DET","WR",26.4,165.7,-139.3
"438","Harry Douglas TEN","WR",26.4,165.7,-139.3
"178","Ka'Deem Carey CHI","RB",48,187.766666666667,-139.766666666667
"439","Adam Humphries TB","WR",25.5,165.7,-140.2
"440","Keshawn Martin NE","WR",25.3,165.7,-140.4
"179","Robert Turbin IND","RB",47.1,187.766666666667,-140.666666666667
"441","Chris Givens PHI","WR",24.9,165.7,-140.8
"180","Karlos Williams","RB",46.9,187.766666666667,-140.866666666667
"442","DeAndre Smelter SF","WR",23.8,165.7,-141.9
"181","Charcandrick West KC","RB",45.8,187.766666666667,-141.966666666667
"443","Rashard Higgins CLE","WR",23.5,165.7,-142.2
"182","Mike Tolbert CAR","RB",44.7,187.766666666667,-143.066666666667
"444","Jaron Brown ARI","WR",22.5,165.7,-143.2
"445","Jared Abbrederis GB","WR",22.3,165.7,-143.4
"183","Kenyan Drake MIA","RB",44.2,187.766666666667,-143.566666666667
"31","Blaine Gabbert SF","QB",148.6,292.41,-143.81
"184","Terrance West BAL","RB",43.8,187.766666666667,-143.966666666667
"185","Reggie Bush BUF","RB",43.4,187.766666666667,-144.366666666667
"446","Corey Fuller DET","WR",21.3,165.7,-144.4
"186","Khiry Robinson NYJ","RB",42.9,187.766666666667,-144.866666666667
"447","Tyreek Hill KC","WR",20.7,165.7,-145
"187","Damien Williams MIA","RB",42.7,187.766666666667,-145.066666666667
"188","Zach Line MIN","RB",42.5,187.766666666667,-145.266666666667
"189","Mike Gillislee BUF","RB",42.1,187.766666666667,-145.666666666667
"448","Griff Whalen MIA","WR",19.8,165.7,-145.9
"449","Chris Matthews BAL","WR",19.7,165.7,-146
"450","Jerome Simpson SF","WR",19.4,165.7,-146.3
"451","Josh Bellamy CHI","WR",18.9,165.7,-146.8
"452","Kenbrell Thompkins NYJ","WR",18.8,165.7,-146.9
"453","Aaron Dobson NE","WR",18.4,165.7,-147.3
"454","Demarcus Robinson KC","WR",17.6,165.7,-148.1
"455","Kolby Listenbee BUF","WR",17.4,165.7,-148.3
"456","Donteea Dye TB","WR",17,165.7,-148.7
"190","Tre Mason LA","RB",39,187.766666666667,-148.766666666667
"457","Chris Moore BAL","WR",16.9,165.7,-148.8
"458","Devin Street DAL","WR",16.5,165.7,-149.2
"459","Keith Mumphery HOU","WR",16.2,165.7,-149.5
"460","Brandon Tate CIN","WR",16.2,165.7,-149.5
"461","Cordarrelle Patterson MIN","WR",16.1,165.7,-149.6
"32","Mark Sanchez DEN","QB",142.8,292.41,-149.61
"191","Dexter McCluster TEN","RB",38.1,187.766666666667,-149.666666666667
"192","Kenjon Barner PHI","RB",37.5,187.766666666667,-150.266666666667
"193","Knile Davis KC","RB",37.5,187.766666666667,-150.266666666667
"194","Zach Zenner DET","RB",37.2,187.766666666667,-150.566666666667
"195","Kelvin Taylor SF","RB",36.8,187.766666666667,-150.966666666667
"462","Russell Shepard TB","WR",14.6,165.7,-151.1
"463","Marquise Goodwin BUF","WR",14.1,165.7,-151.6
"464","Deonte Thompson CHI","WR",14.1,165.7,-151.6
"465","Keenan Reynolds BAL","WR",13.9,165.7,-151.8
"466","Michael Campanaro BAL","WR",13.8,165.7,-151.9
"467","Rashad Ross WAS","WR",13.6,165.7,-152.1
"468","Kenny Lawler SEA","WR",12.8,165.7,-152.9
"469","Javontee Herndon SD","WR",12,165.7,-153.7
"470","Jeremy Butler BAL","WR",11.8,165.7,-153.9
"471","Kaelin Clay BAL","WR",11.6,165.7,-154.1
"472","Greg Salas BUF","WR",11.6,165.7,-154.1
"473","Jakeem Grant MIA","WR",11.5,165.7,-154.2
"474","Marc Mariani CHI","WR",11.2,165.7,-154.5
"196","Matt Asiata MIN","RB",33.2,187.766666666667,-154.566666666667
"475","Keyarris Garrett CAR","WR",11.1,165.7,-154.6
"197","Robert Kelley WAS","RB",32.8,187.766666666667,-154.966666666667
"476","Daniel Braverman CHI","WR",10.5,165.7,-155.2
"198","Branden Oliver SD","RB",32.5,187.766666666667,-155.266666666667
"477","Jeremy Ross NYJ","WR",10.4,165.7,-155.3
"478","Quan Bray IND","WR",10.3,165.7,-155.4
"199","Wendell Smallwood PHI","RB",31.7,187.766666666667,-156.066666666667
"479","Kevin Smith","WR",9.4,165.7,-156.3
"480","Mike Thomas","WR",9.4,165.7,-156.3
"481","Bryan Walters JAC","WR",9.2,165.7,-156.5
"482","Walter Powell BUF","WR",9.1,165.7,-156.6
"483","Hakeem Nicks","WR",8.9,165.7,-156.8
"200","Tyler Ervin HOU","RB",30.8,187.766666666667,-156.966666666667
"484","Rod Streater KC","WR",8.7,165.7,-157
"201","Keith Marshall WAS","RB",30.5,187.766666666667,-157.266666666667
"485","Jordan Payton CLE","WR",8.4,165.7,-157.3
"486","Ricardo Louis CLE","WR",8.4,165.7,-157.3
"487","DeAndrew White SF","WR",8.1,165.7,-157.6
"488","Eric Weems ATL","WR",8.1,165.7,-157.6
"202","Marcel Reece OAK","RB",30.1,187.766666666667,-157.666666666667
"489","Kevin Norwood CAR","WR",7.9,165.7,-157.8
"203","Brandon Bolden NE","RB",29.9,187.766666666667,-157.866666666667
"490","DeVier Posey DEN","WR",7.8,165.7,-157.9
"491","Charone Peake NYJ","WR",7.7,165.7,-158
"492","Devin Hester","WR",7.7,165.7,-158
"493","Myles White NYG","WR",7.5,165.7,-158.2
"494","Geremy Davis NYG","WR",7.5,165.7,-158.2
"495","Aldrick Robinson ATL","WR",7.1,165.7,-158.6
"496","Lucky Whitehead DAL","WR",7.1,165.7,-158.6
"497","Bradley Marquez LA","WR",7,165.7,-158.7
"498","Marcus Easley BUF","WR",6.9,165.7,-158.8
"499","Cameron Meredith CHI","WR",6.9,165.7,-158.8
"204","Denard Robinson JAC","RB",28.9,187.766666666667,-158.866666666667
"500","Frankie Hammond KC","WR",6.5,165.7,-159.2
"205","Taiwan Jones OAK","RB",28.5,187.766666666667,-159.266666666667
"501","Adam Thielen MIN","WR",6.4,165.7,-159.3
"502","Tre McBride TEN","WR",6.3,165.7,-159.4
"503","James Wright CIN","WR",6.3,165.7,-159.4
"504","Jarrett Boykin BUF","WR",5.7,165.7,-160
"505","Matt Hazel MIA","WR",5.4,165.7,-160.3
"506","Andre Roberts DET","WR",5.1,165.7,-160.6
"206","David Cobb TEN","RB",26.1,187.766666666667,-161.666666666667
"507","Brenton Bersin CAR","WR",3.8,165.7,-161.9
"508","Stephen Hill CAR","WR",3.5,165.7,-162.2
"509","Marlon Moore CLE","WR",3.5,165.7,-162.2
"207","Jonathan Grimes HOU","RB",25.5,187.766666666667,-162.266666666667
"208","Antonio Andrews TEN","RB",24.7,187.766666666667,-163.066666666667
"209","Bruce Miller SF","RB",24.4,187.766666666667,-163.366666666667
"510","Tavarres King NYG","WR",2.3,165.7,-163.4
"511","Brian Tyms","WR",2.3,165.7,-163.4
"512","Andre Caldwell","WR",2.2,165.7,-163.5
"210","Stevan Ridley","RB",23.4,187.766666666667,-164.366666666667
"211","Orleans Darkwa NYG","RB",23.1,187.766666666667,-164.666666666667
"212","Jordan Todman IND","RB",22.9,187.766666666667,-164.866666666667
"513","Brittan Golden ARI","WR",0.7,165.7,-165
"213","Lorenzo Taliaferro BAL","RB",22.6,187.766666666667,-165.166666666667
"214","Lance Dunbar DAL","RB",22.3,187.766666666667,-165.466666666667
"215","Jacquizz Rodgers CHI","RB",22.3,187.766666666667,-165.466666666667
"514","Jonathan Krause TB","WR",0.2,165.7,-165.5
"515","Trey Burton PHI","WR",0.1,165.7,-165.6
"516","Seth DeValve CLE","WR",0.1,165.7,-165.6
"517","Vince Mayle DAL","WR",0,165.7,-165.7
"518","Kashif Moore KC","WR",0,165.7,-165.7
"519","Dres Anderson SF","WR",0,165.7,-165.7
"520","LaRon Byrd CAR","WR",0,165.7,-165.7
"521","Nathan Palmer OAK","WR",0,165.7,-165.7
"522","Antwan Goodley SEA","WR",0,165.7,-165.7
"523","Rodney Smith DAL","WR",0,165.7,-165.7
"524","Evan Spencer TB","WR",0,165.7,-165.7
"525","Darren Waller BAL","WR",0,165.7,-165.7
"526","Cobi Hamilton PIT","WR",0,165.7,-165.7
"527","Da'Ron Brown KC","WR",0,165.7,-165.7
"528","Issac Blakeney PIT","WR",0,165.7,-165.7
"529","Ifeanyi Momah ARI","WR",0,165.7,-165.7
"530","Freddie Martino TB","WR",0,165.7,-165.7
"531","Marcus Lucas CAR","WR",0,165.7,-165.7
"532","Demarcus Ayers PIT","WR",0,165.7,-165.7
"533","Lance Moore","WR",0,165.7,-165.7
"534","Trevor Davis GB","WR",0,165.7,-165.7
"535","Moritz Boehringer MIN","WR",0,165.7,-165.7
"536","Marques Colston","WR",0,165.7,-165.7
"537","Matt Slater NE","WR",0,165.7,-165.7
"538","Arrelious Benn JAC","WR",0,165.7,-165.7
"539","Mike Williams KC","WR",0,165.7,-165.7
"540","Kyle Williams NYJ","WR",0,165.7,-165.7
"541","Greg Little BUF","WR",0,165.7,-165.7
"542","Vincent Brown","WR",0,165.7,-165.7
"543","Justin Blackmon JAC","WR",0,165.7,-165.7
"216","Andre Williams NYG","RB",21.8,187.766666666667,-165.966666666667
"217","Mack Brown WAS","RB",21.4,187.766666666667,-166.366666666667
"218","Silas Redd WAS","RB",21.4,187.766666666667,-166.366666666667
"219","DuJuan Harris SF","RB",20.9,187.766666666667,-166.866666666667
"544","Josh Boyce CLE","WR",-1.7,165.7,-167.4
"220","Stepfan Taylor ARI","RB",20.1,187.766666666667,-167.666666666667
"221","Jamize Olawale OAK","RB",19.6,187.766666666667,-168.166666666667
"222","Kendall Gaskins SF","RB",19.1,187.766666666667,-168.666666666667
"223","Will Johnson NYG","RB",19,187.766666666667,-168.766666666667
"224","Patrick DiMarco ATL","RB",18.8,187.766666666667,-168.966666666667
"225","Roy Helu","RB",18.1,187.766666666667,-169.666666666667
"226","Bobby Rainey NYG","RB",17.8,187.766666666667,-169.966666666667
"227","Juwan Thompson DEN","RB",17.8,187.766666666667,-169.966666666667
"228","Fozzy Whittaker CAR","RB",16.6,187.766666666667,-171.166666666667
"229","Terron Ward ATL","RB",16.6,187.766666666667,-171.166666666667
"230","Isaiah Pead MIA","RB",15.9,187.766666666667,-171.866666666667
"231","Jalston Fowler TEN","RB",15.7,187.766666666667,-172.066666666667
"232","Jonathan Williams BUF","RB",15.3,187.766666666667,-172.466666666667
"233","Fitzgerald Toussaint PIT","RB",14.5,187.766666666667,-173.266666666667
"234","Mike Davis SF","RB",14.4,187.766666666667,-173.366666666667
"235","Alex Collins SEA","RB",14.4,187.766666666667,-173.366666666667
"236","Kyle Juszczyk BAL","RB",14.2,187.766666666667,-173.566666666667
"237","Tyler Gaffney NE","RB",13.5,187.766666666667,-174.266666666667
"238","Aaron Ripkowski GB","RB",12.6,187.766666666667,-175.166666666667
"239","Keenan Reynolds BAL","RB",12.6,187.766666666667,-175.166666666667
"240","Michael Burton DET","RB",12.6,187.766666666667,-175.166666666667
"241","Mike James TB","RB",11.7,187.766666666667,-176.066666666667
"242","John Crockett GB","RB",11.1,187.766666666667,-176.666666666667
"243","Zac Stacy","RB",9.3,187.766666666667,-178.466666666667
"244","Malcolm Brown LA","RB",9.1,187.766666666667,-178.666666666667
"245","Donald Brown","RB",8.6,187.766666666667,-179.166666666667
"246","Kerwynn Williams ARI","RB",8.1,187.766666666667,-179.666666666667
"247","Rod Smith DAL","RB",8,187.766666666667,-179.766666666667
"248","Jay Prosch HOU","RB",8,187.766666666667,-179.766666666667
"249","Tommy Bohanon NYJ","RB",8,187.766666666667,-179.766666666667
"250","James Develin NE","RB",7.9,187.766666666667,-179.866666666667
"251","Nikita Whitlock NYG","RB",7.8,187.766666666667,-179.966666666667
"252","Daniel Lasco NO","RB",7.8,187.766666666667,-179.966666666667
"253","Cedric Peerman CIN","RB",7.7,187.766666666667,-180.066666666667
"254","Raheem Mostert CLE","RB",7.6,187.766666666667,-180.166666666667
"255","Akeem Hunt HOU","RB",7.5,187.766666666667,-180.266666666667
"256","Chase Reynolds LA","RB",7.1,187.766666666667,-180.666666666667
"257","Daniel Thomas MIA","RB",7.1,187.766666666667,-180.666666666667
"258","Ryan Hewitt CIN","RB",6.8,187.766666666667,-180.966666666667
"259","Anthony Sherman KC","RB",6.7,187.766666666667,-181.066666666667
"260","Daryl Richardson PIT","RB",6.1,187.766666666667,-181.666666666667
"261","Jerome Felton BUF","RB",6,187.766666666667,-181.766666666667
"262","Rex Burkhead CIN","RB",5.4,187.766666666667,-182.366666666667
"263","John Kuhn NO","RB",5.4,187.766666666667,-182.366666666667
"264","Travaris Cadet NO","RB",5.3,187.766666666667,-182.466666666667
"265","Gus Johnson ATL","RB",4.8,187.766666666667,-182.966666666667
"266","Jhurell Pressley MIN","RB",4.7,187.766666666667,-183.066666666667
"267","Storm Johnson TB","RB",4.1,187.766666666667,-183.666666666667
"268","Dwayne Washington DET","RB",4,187.766666666667,-183.766666666667
"269","Glenn Winston CLE","RB",3.9,187.766666666667,-183.866666666667
"270","Trent Richardson","RB",2.2,187.766666666667,-185.566666666667
"271","Brandon Wegher CAR","RB",1.9,187.766666666667,-185.866666666667
"272","Dan Herron BUF","RB",1.4,187.766666666667,-186.366666666667
"273","Marcus Murphy NO","RB",1.3,187.766666666667,-186.466666666667
"274","Tyler Varga","RB",0.7,187.766666666667,-187.066666666667
"275","George Atkinson OAK","RB",0.6,187.766666666667,-187.166666666667
"276","Kapri Bibbs DEN","RB",0.5,187.766666666667,-187.266666666667
"277","Darius Jackson DAL","RB",0.2,187.766666666667,-187.566666666667
"278","Rajion Neal CLE","RB",0.2,187.766666666667,-187.566666666667
"279","Kenny Hilliard HOU","RB",0.1,187.766666666667,-187.666666666667
"280","Trey Williams IND","RB",0.1,187.766666666667,-187.666666666667
"281","Darrin Reaves KC","RB",0,187.766666666667,-187.766666666667
"282","Terrence Magee","RB",0,187.766666666667,-187.766666666667
"283","Terrell Watson CLE","RB",0,187.766666666667,-187.766666666667
"284","Joey Iosefa NE","RB",0,187.766666666667,-187.766666666667
"285","Dreamius Smith SD","RB",0,187.766666666667,-187.766666666667
"286","Antone Smith NYJ","RB",0,187.766666666667,-187.766666666667
"287","Darrel Young CHI","RB",0,187.766666666667,-187.766666666667
"288","Ahmad Bradshaw","RB",0,187.766666666667,-187.766666666667
"289","Bernard Pierce","RB",0,187.766666666667,-187.766666666667
"290","Cyrus Gray ATL","RB",0,187.766666666667,-187.766666666667
"291","Joe Banyard JAC","RB",0,187.766666666667,-187.766666666667
"292","Lache Seastrunk NYJ","RB",0,187.766666666667,-187.766666666667
"293","Bishop Sankey TEN","RB",0,187.766666666667,-187.766666666667
"294","Dri Archer BUF","RB",0,187.766666666667,-187.766666666667
"295","George Winn DET","RB",0,187.766666666667,-187.766666666667
"296","Senorise Perry CHI","RB",0,187.766666666667,-187.766666666667
"297","James Wilder Jr. BUF","RB",-0.4,187.766666666667,-188.166666666667
"33","Colin Kaepernick SF","QB",81.3,292.41,-211.11
"34","Paxton Lynch DEN","QB",69.1,292.41,-223.31
"35","Jimmy Garoppolo NE","QB",60.5,292.41,-231.91
"36","Josh McCown CLE","QB",42.7,292.41,-249.71
"37","Carson Wentz PHI","QB",42.3,292.41,-250.11
"38","Case Keenum LA","QB",33.2,292.41,-259.21
"39","Trevor Siemian DEN","QB",30.6,292.41,-261.81
"40","Brian Hoyer CHI","QB",18.7,292.41,-273.71
"41","Chase Daniel PHI","QB",17.1,292.41,-275.31
"42","Geno Smith NYJ","QB",16.7,292.41,-275.71
"43","Matt Flynn","QB",12.3,292.41,-280.11
"44","Christian Hackenberg NYJ","QB",12.1,292.41,-280.31
"45","Cody Kessler CLE","QB",12,292.41,-280.41
"46","AJ McCarron CIN","QB",11.8,292.41,-280.61
"47","Trevone Boykin SEA","QB",11.7,292.41,-280.71
"48","E.J. Manuel BUF","QB",11.6,292.41,-280.81
"49","Drew Stanton ARI","QB",10.2,292.41,-282.21
"50","Landry Jones PIT","QB",9.6,292.41,-282.81
"51","Brandon Weeden HOU","QB",9.3,292.41,-283.11
"52","David Fales CHI","QB",9,292.41,-283.41
"53","Colt McCoy WAS","QB",9,292.41,-283.41
"54","Zach Mettenberger SD","QB",8.8,292.41,-283.61
"55","Mike Glennon TB","QB",8.8,292.41,-283.61
"56","Shaun Hill MIN","QB",8.7,292.41,-283.71
"57","Dak Prescott DAL","QB",8.5,292.41,-283.91
"58","Dan Orlovsky DET","QB",8.2,292.41,-284.21
"59","Matt McGloin OAK","QB",8,292.41,-284.41
"60","Ryan Mallett BAL","QB",7.6,292.41,-284.81
"61","Nick Foles KC","QB",7.6,292.41,-284.81
"62","Matt Cassel TEN","QB",7.6,292.41,-284.81
"63","Chad Henne JAC","QB",7.5,292.41,-284.91
"64","Bruce Gradkowski PIT","QB",7.3,292.41,-285.11
"65","Kellen Moore DAL","QB",7,292.41,-285.41
"66","Aaron Murray KC","QB",6.8,292.41,-285.61
"67","Scott Tolzien IND","QB",6.7,292.41,-285.71
"68","Derek Anderson CAR","QB",6.2,292.41,-286.21
"69","Kellen Clemens SD","QB",5.5,292.41,-286.91
"70","Ryan Nassib NYG","QB",4.5,292.41,-287.91
"71","Matt Moore MIA","QB",3.1,292.41,-289.31
"72","Matt Schaub ATL","QB",3.1,292.41,-289.31
"73","Luke McCown NO","QB",2.1,292.41,-290.31
"74","Brett Hundley GB","QB",1.6,292.41,-290.81
"75","Austin Davis CLE","QB",0.9,292.41,-291.51
"76","Jacoby Brissett NE","QB",0.8,292.41,-291.61
"77","Tyler Bray KC","QB",0.4,292.41,-292.01
"78","Bryce Petty NYJ","QB",0.4,292.41,-292.01
"79","Sean Renfree ATL","QB",0,292.41,-292.41
"80","Dylan Thompson LA","QB",0,292.41,-292.41
"81","Connor Cook OAK","QB",0,292.41,-292.41
"82","Cardale Jones BUF","QB",0,292.41,-292.41
"83","Jeff Driskel SF","QB",0,292.41,-292.41
"84","Matt Simms ATL","QB",0,292.41,-292.41
"85","Brandon Doughty MIA","QB",0,292.41,-292.41
"86","Kevin Hogan KC","QB",0,292.41,-292.41
"87","Nate Sudfeld WAS","QB",0,292.41,-292.41
"88","Jake Rudock DET","QB",0,292.41,-292.41
"89","Josh Johnson BAL","QB",0,292.41,-292.41
"90","Jimmy Clausen","QB",0,292.41,-292.41
"91","Matt Barkley ARI","QB",0,292.41,-292.41
"92","Joe Webb CAR","QB",0,292.41,-292.41
"93","Zac Dysert MIA","QB",0,292.41,-292.41
"94","Dan LeFevour","QB",0,292.41,-292.41
"95","Ryan Griffin HOU","QB",0,292.41,-292.41
"96","Logan Thomas NYG","QB",0,292.41,-292.41
"97","Christian Ponder SF","QB",0,292.41,-292.41
"98","Keith Wenning CIN","QB",0,292.41,-292.41
"99","Jerrod Johnson BAL","QB",0,292.41,-292.41
"100","Stephen Morris IND","QB",0,292.41,-292.41
"101","Matt Blanchard","QB",0,292.41,-292.41
"102","Garrett Grayson NO","QB",0,292.41,-292.41
"103","Sean Mannion LA","QB",0,292.41,-292.41
"104","Alex Tanney TEN","QB",0,292.41,-292.41
"105","Taylor Heinicke MIN","QB",0,292.41,-292.41
"106","Tom Savage HOU","QB",-0.1,292.41,-292.51
